{
  "activeBrandingSetId" : "ed6b99f3-6d34-4c00-bbe0-47ae174a1ad3",
  "customCSS" : "",
  "developerName" : "starter",
  "id" : "b473b9c9-e1ec-4e93-b0d7-a03dd27207e7",
  "label" : "Build Your Own",
  "layouts" : {
    "Inner" : "dead4580-6827-415f-99ba-6697d3c34de9",
    "Login" : "1d04a015-4663-4f47-b7aa-2dd45be9577f",
    "ServiceNotAvailable" : "8c00150b-b141-4b51-adf4-3f5fcb4b7318"
  },
  "type" : "theme",
  "views" : [ {
    "componentAttributes" : { },
    "componentName" : "salesforceIdentity:loginBody2",
    "id" : "1d04a015-4663-4f47-b7aa-2dd45be9577f",
    "label" : "Login",
    "regions" : [ {
      "id" : "5c5d8e24-b177-42c8-af3d-b67bf7dd90d0",
      "regionName" : "header",
      "type" : "region"
    }, {
      "id" : "785c3a3c-1d9e-46cc-983a-4e29c329b0f2",
      "regionName" : "content",
      "type" : "region"
    }, {
      "id" : "3bd700c6-ebc1-4c83-ac76-3b3f914e084e",
      "regionName" : "footer",
      "type" : "region"
    } ],
    "type" : "view"
  }, {
    "componentAttributes" : { },
    "componentName" : "siteforce:starterBody",
    "id" : "dead4580-6827-415f-99ba-6697d3c34de9",
    "label" : "Default",
    "regions" : [ {
      "components" : [ {
        "componentAttributes" : {
          "maxAutoCompleteResults" : 5,
          "searchLabel" : "Search...",
          "searchObjects" : [ {
            "isPublic" : true,
            "name" : "Account"
          } ]
        },
        "componentName" : "forceCommunity:globalSearchInput",
        "id" : "bc7c0a5c-c35b-4a97-bcf3-12b87fda3bc5",
        "renditionMap" : { },
        "type" : "component"
      } ],
      "id" : "63e03246-9fad-431b-96cb-6f1d5bdc37bb",
      "regionName" : "search",
      "type" : "region"
    }, {
      "components" : [ {
        "componentAttributes" : {
          "accountManagementLabel" : "Account Management",
          "communityBuilderLabel" : "Experience Builder",
          "communitySetupLabel" : "Salesforce Setup",
          "contactSupportLabel" : "Contact Support",
          "filterName" : "MyCases",
          "homeLabel" : "Home",
          "includeContactSupport" : true,
          "includeMessages" : false,
          "loginLabel" : "Login",
          "logoutLabel" : "Logout",
          "myAccountLabel" : "My Account",
          "showAccountManagement" : true,
          "showUserSettings" : true,
          "userSettingsLabel" : "My Settings",
          "viewProfileLabel" : "My Profile"
        },
        "componentName" : "selfService:userProfileMenu",
        "id" : "71a71e92-4992-46a5-8aec-a2242fe2fc9b",
        "renditionMap" : { },
        "type" : "component"
      } ],
      "id" : "d65b1a81-db2d-4250-95de-badb41d08e8e",
      "regionName" : "profileMenu",
      "type" : "region"
    }, {
      "components" : [ {
        "componentAttributes" : {
          "NavigationMenuEditorRefresh" : "",
          "hideAppLauncher" : true,
          "hideHomeText" : true
        },
        "componentName" : "forceCommunity:globalNavigation",
        "id" : "8d141221-5cc5-4f01-9495-b2f23be33f8d",
        "renditionMap" : { },
        "type" : "component"
      } ],
      "id" : "c6402ec9-ed44-4268-88c4-28b1b41450cf",
      "regionName" : "navBar",
      "type" : "region"
    } ],
    "type" : "view"
  }, {
    "componentAttributes" : { },
    "componentName" : "siteforce:themeLayoutStarter",
    "id" : "8c00150b-b141-4b51-adf4-3f5fcb4b7318",
    "label" : "ServiceNotAvailable",
    "regions" : [ {
      "id" : "5138fb52-4475-46ef-b45a-6668e5fc9966",
      "regionName" : "themeHeader",
      "type" : "region"
    }, {
      "id" : "f7535441-de20-40a6-b44a-cf5ad1beb843",
      "regionName" : "themeFooter",
      "type" : "region"
    } ],
    "type" : "view"
  } ]
}