{
  "activeBrandingSetId" : "683c2e76-3617-49a0-88d0-2eb174266833",
  "customCSS" : "",
  "developerName" : "jepson",
  "id" : "625cdb57-eec7-40b4-a002-4cef7137a7a1",
  "label" : "Jepson",
  "layouts" : {
    "Home" : "586a9725-fc57-48e0-b4da-980e9555c5bf",
    "Inner" : "5f855fb7-296e-4ed2-b68e-4ca33e00ca88",
    "Login" : "487a4c85-49ff-4a03-b55c-e91163237a45",
    "ServiceNotAvailable" : "177fbba1-e1a5-4893-b4c7-d6227cddd853"
  },
  "type" : "theme",
  "views" : [ {
    "componentAttributes" : { },
    "componentName" : "salesforceIdentity:loginBody2",
    "id" : "487a4c85-49ff-4a03-b55c-e91163237a45",
    "label" : "Login",
    "regions" : [ {
      "id" : "ef8c10a6-441f-41d0-bde8-f35719aaa096",
      "regionName" : "header",
      "type" : "region"
    }, {
      "id" : "15c704be-4deb-4074-9a0f-81de63bb2ed9",
      "regionName" : "content",
      "type" : "region"
    }, {
      "id" : "55a33e42-9b85-403f-b72c-99fd58c6b7b4",
      "regionName" : "footer",
      "type" : "region"
    } ],
    "type" : "view"
  }, {
    "componentAttributes" : {
      "isPageWidthFixed" : false,
      "showHero" : false
    },
    "componentName" : "siteforce:themeLayoutStarter",
    "id" : "5f855fb7-296e-4ed2-b68e-4ca33e00ca88",
    "label" : "Default",
    "regions" : [ {
      "components" : [ {
        "componentAttributes" : {
          "background" : "background: rgb(255,255,255)",
          "backgroundOverlayColor" : "rgba(0, 0, 0, 0.3)",
          "borderBottomColor" : "rgba(0, 51, 102, 1)",
          "centerAlignLogo" : false,
          "collapseNavMenu" : false,
          "containHeader" : true,
          "containHeaderWidth" : 1440,
          "dropdownBackgroundColor" : "#FFFFFF",
          "dropdownBackgroundHoverColor" : "",
          "dropdownBorderColor" : "#F0F0F0",
          "dropdownTextColor" : "",
          "dropdownTextHoverColor" : "",
          "headerHeight" : 16,
          "linkActiveBorderColor" : "",
          "linkColor" : "rgba(0, 51, 102, 1)",
          "linkHoverColor" : "rgba(0, 51, 102, 1)",
          "linkTextShadowColor" : "rgba(255, 255, 255, 0)",
          "logoWidth" : 150,
          "searchStyle" : "collapsed",
          "showAppLauncher" : false,
          "showNavMenuOnLeft" : true,
          "showNotifications" : true,
          "showProfileMenu" : true,
          "showSearch" : true
        },
        "componentName" : "forceCommunity:themeHeaderCompact",
        "id" : "7468cc28-3d89-4e71-911f-abf1d11a45d1",
        "regions" : [ {
          "components" : [ {
            "componentAttributes" : {
              "buttonBackgroundColor" : "",
              "buttonBackgroundHoverColor" : "",
              "buttonBorderColor" : "rgba(0, 0, 0, 0)",
              "buttonBorderRadius" : 15,
              "buttonText" : "Log in",
              "buttonTextColor" : "",
              "buttonTextHoverColor" : "",
              "customizableUserProfileMenuEditor" : "Default_User_Profile_Menu",
              "menuStyleSettings" : "{\"selectedMenuStyleSetting\":\"iconOnly\",\"selectedIconSetting\":\"userAvatar\",\"includeCompanyName\":false,\"selectedTextOrientationSetting\":\"right\"}"
            },
            "componentName" : "forceCommunity:customizableUserProfileMenu",
            "id" : "cda02ef8-6fcb-44ae-883f-ef07f77e98d5",
            "renditionMap" : { },
            "type" : "component"
          } ],
          "id" : "62fdea6e-7dfe-4da4-af0a-8d784065eba3",
          "regionName" : "themeHeaderProfileMenu",
          "type" : "region"
        }, {
          "components" : [ {
            "componentAttributes" : {
              "backgroundColor" : "#FFFFFF",
              "borderColor" : "rgba(0, 0, 0, 0.8)",
              "borderRadius" : 20,
              "borderStyle" : "outline",
              "buttonColor" : "",
              "buttonHoverColor" : "",
              "crossObjectTypeaheadApiNames" : "",
              "iconColor" : "rgba(0, 0, 0, 0.8)",
              "placeholderText" : "Search...",
              "placeholderTextColor" : "rgba(0, 0, 0, 0.6)",
              "showSearchButton" : false,
              "textColor" : "rgba(0, 0, 0, 0.8)",
              "typeaheadResultMax" : 5,
              "useTypeahead" : true
            },
            "componentName" : "forceCommunity:themeSearch",
            "id" : "0e13caf5-2789-4e11-869b-32c609e4fdef",
            "renditionMap" : { },
            "type" : "component"
          } ],
          "id" : "351f0114-e689-4f81-b9ce-61d016325b72",
          "regionName" : "search",
          "type" : "region"
        }, {
          "components" : [ {
            "componentAttributes" : {
              "navAlignment" : "left",
              "navItemThreshold" : 15,
              "navigationMenuEditorRefresh" : "OZ_navigation_menu"
            },
            "componentName" : "forceCommunity:themeNav",
            "id" : "563e30de-ca02-4915-bebd-dbc82b0dae3b",
            "renditionMap" : { },
            "type" : "component"
          } ],
          "id" : "a9059a9d-22a1-4203-a6c7-14fca0c16e33",
          "regionName" : "nav",
          "type" : "region"
        }, {
          "id" : "2a8db4e5-d3cc-4c44-a95f-838750b4f035",
          "regionName" : "cartIcon",
          "type" : "region"
        } ],
        "renditionMap" : { },
        "type" : "component"
      } ],
      "id" : "fb21a049-87a7-474f-a4c6-fb7a1ba76d4d",
      "regionName" : "themeHeader",
      "type" : "region"
    }, {
      "components" : [ {
        "componentAttributes" : {
          "bgImage" : "background: #FFFFFF url(/sfsites/assets/themes/jepson-background.jpg) top center /cover",
          "bgOverlayColor" : "rgba(255, 255, 255, 0.20)",
          "captionText" : "Our Mission",
          "captionTextColor" : "rgba(0, 0, 0, 0.8)",
          "captionTextShadowColor" : "rgba(0, 0, 0, 0)",
          "contentAlignment" : "right",
          "contentWidth" : 45,
          "ctaBtnOneBgColor" : "",
          "ctaBtnOneBgHoverColor" : "",
          "ctaBtnOneBorderColor" : "rgba(10, 50, 198, 0)",
          "ctaBtnOneOpenNewTab" : false,
          "ctaBtnOneText" : "Our Projects",
          "ctaBtnOneTextColor" : "",
          "ctaBtnOneTextHoverColor" : "",
          "ctaBtnOneUrl" : "",
          "ctaBtnRadius" : 25,
          "ctaBtnTwoBgColor" : "rgba(255, 255, 255, 0)",
          "ctaBtnTwoBgHoverColor" : "rgba(255, 255, 255, 0.9)",
          "ctaBtnTwoBorderColor" : "rgba(0, 0, 0, 0.8)",
          "ctaBtnTwoOpenNewTab" : false,
          "ctaBtnTwoText" : "Contact Us",
          "ctaBtnTwoTextColor" : "rgba(0, 0, 0, 0.8)",
          "ctaBtnTwoTextHoverColor" : "rgba(0, 0, 0, 0.8)",
          "ctaBtnTwoUrl" : "",
          "ctaShowBtnOne" : true,
          "ctaShowBtnTwo" : true,
          "fixedHeroWidth" : true,
          "heroHeight" : 162,
          "heroWidth" : 1440,
          "showCaption" : true,
          "showSubtitle" : true,
          "showTitle" : true,
          "subtitleText" : "We specialize in the construction of unique and exclusive properties.  We deliver outstanding quality and design for leading architects and private clients around the world.",
          "subtitleTextColor" : "rgba(0, 0, 0, 0.8)",
          "subtitleTextShadowColor" : "rgba(0, 0, 0, 0)",
          "titleText" : "Your Dream Home",
          "titleTextColor" : "rgba(0, 0, 0, 0.8)",
          "titleTextShadowColor" : "rgba(0, 0, 0, 0)",
          "type" : "callToAction"
        },
        "componentName" : "forceCommunity:themeHeroStarter",
        "id" : "55ac78d1-9380-4d04-8d39-7a75ab62f593",
        "regions" : [ {
          "components" : [ {
            "componentAttributes" : {
              "backgroundColor" : "#FFFFFF",
              "borderColor" : "rgba(0, 0, 0, 0)",
              "borderRadius" : 25,
              "borderStyle" : "outline",
              "buttonColor" : "",
              "buttonHoverColor" : "",
              "crossObjectTypeaheadApiNames" : "",
              "iconColor" : "#FFFFFF",
              "placeholderText" : "Ask a question...",
              "placeholderTextColor" : "rgba(0, 0, 0, 0.6)",
              "publicDropdownBackgroundColor" : "#FFFFFF",
              "publicDropdownBackgroundHoverColor" : "",
              "publicDropdownBorderColor" : "#F0F0F0",
              "publicDropdownTextColor" : "",
              "publicDropdownTextHoverColor" : "",
              "showSearchButton" : true,
              "textColor" : "rgba(0, 0, 0, 0.8)",
              "typeaheadResultMax" : 6,
              "useTypeahead" : true
            },
            "componentName" : "forceCommunity:themeSearchHero",
            "id" : "919fa95e-b3f1-4539-aa48-286e011e74a5",
            "renditionMap" : { },
            "type" : "component"
          } ],
          "id" : "efcb70ce-a82f-4529-9ea3-3d43d5fa7998",
          "regionName" : "search",
          "type" : "region"
        } ],
        "renditionMap" : { },
        "type" : "component"
      } ],
      "id" : "34ab0c8b-e184-4477-b2de-96664daa3631",
      "regionName" : "themeHero",
      "type" : "region"
    }, {
      "id" : "c66a4e8d-ecb9-408a-9172-09d2423a971c",
      "regionName" : "themeFooter",
      "type" : "region"
    } ],
    "type" : "view"
  }, {
    "componentAttributes" : {
      "isPageWidthFixed" : false,
      "showHero" : false
    },
    "componentName" : "siteforce:themeLayoutStarter",
    "id" : "586a9725-fc57-48e0-b4da-980e9555c5bf",
    "label" : "Home",
    "regions" : [ {
      "components" : [ {
        "componentAttributes" : {
          "background" : "background: #FFFFFF",
          "backgroundOverlayColor" : "rgba(0, 0, 0, 0.3)",
          "borderBottomColor" : "rgba(0, 0, 0, 0.5)",
          "centerAlignLogo" : false,
          "collapseNavMenu" : false,
          "containHeader" : true,
          "containHeaderWidth" : 1440,
          "dropdownBackgroundColor" : "#FFFFFF",
          "dropdownBackgroundHoverColor" : "",
          "dropdownBorderColor" : "#F0F0F0",
          "dropdownTextColor" : "",
          "dropdownTextHoverColor" : "",
          "headerHeight" : 16,
          "linkActiveBorderColor" : "",
          "linkColor" : "rgba(0, 0, 0, 0.8)",
          "linkHoverColor" : "rgba(0, 0, 0, 0.7)",
          "linkTextShadowColor" : "rgba(255, 255, 255, 0)",
          "logoWidth" : 150,
          "searchStyle" : "collapsed",
          "showAppLauncher" : false,
          "showNavMenuOnLeft" : true,
          "showNotifications" : true,
          "showProfileMenu" : true,
          "showSearch" : true
        },
        "componentName" : "forceCommunity:themeHeaderCompact",
        "id" : "581d3d4f-6728-402b-b086-efc4303d381e",
        "regions" : [ {
          "components" : [ {
            "componentAttributes" : {
              "buttonBackgroundColor" : "",
              "buttonBackgroundHoverColor" : "",
              "buttonBorderColor" : "rgba(0, 0, 0, 0)",
              "buttonBorderRadius" : 15,
              "buttonText" : "Log in",
              "buttonTextColor" : "",
              "buttonTextHoverColor" : "",
              "customizableUserProfileMenuEditor" : "Default_User_Profile_Menu",
              "menuStyleSettings" : "{\"selectedMenuStyleSetting\":\"iconOnly\",\"selectedIconSetting\":\"userAvatar\",\"includeCompanyName\":false,\"selectedTextOrientationSetting\":\"right\"}"
            },
            "componentName" : "forceCommunity:customizableUserProfileMenu",
            "id" : "95e623d6-fb20-4f0f-ab61-822f110909ec",
            "renditionMap" : { },
            "type" : "component"
          } ],
          "id" : "b400eb9b-89de-4787-acdb-32add1659466",
          "regionName" : "themeHeaderProfileMenu",
          "type" : "region"
        }, {
          "components" : [ {
            "componentAttributes" : {
              "backgroundColor" : "#FFFFFF",
              "borderColor" : "rgba(0, 0, 0, 0.8)",
              "borderRadius" : 20,
              "borderStyle" : "outline",
              "buttonColor" : "",
              "buttonHoverColor" : "",
              "crossObjectTypeaheadApiNames" : [ {
                "isPublic" : true,
                "name" : "FeedItem"
              }, {
                "isPublic" : true,
                "name" : "KnowledgeArticleVersion"
              }, {
                "isPublic" : false,
                "name" : "Account"
              }, {
                "isPublic" : false,
                "name" : "Asset"
              }, {
                "isPublic" : false,
                "name" : "Campaign"
              }, {
                "isPublic" : false,
                "name" : "Opportunity"
              } ],
              "iconColor" : "rgba(0, 0, 0, 0.8)",
              "placeholderText" : "Search...",
              "placeholderTextColor" : "rgba(0, 0, 0, 0.6)",
              "showSearchButton" : false,
              "textColor" : "rgba(0, 0, 0, 0.8)",
              "typeaheadResultMax" : 5,
              "useTypeahead" : true
            },
            "componentName" : "forceCommunity:themeSearch",
            "id" : "c9e18e97-6653-4623-8975-a86d06aef7d8",
            "renditionMap" : { },
            "type" : "component"
          } ],
          "id" : "2c487b68-3150-490c-889a-106dde9aa80c",
          "regionName" : "search",
          "type" : "region"
        }, {
          "components" : [ {
            "componentAttributes" : {
              "navAlignment" : "left",
              "navItemThreshold" : 15,
              "navigationMenuEditorRefresh" : "OZ_navigation_menu"
            },
            "componentName" : "forceCommunity:themeNav",
            "id" : "b6101529-cf22-40e9-bc5e-19e222ffe73f",
            "renditionMap" : { },
            "type" : "component"
          } ],
          "id" : "c96e809a-6840-4b7a-b1ac-7ca51eab4b28",
          "regionName" : "nav",
          "type" : "region"
        }, {
          "id" : "5360f4be-2c3c-4239-87c8-ea57b3669c67",
          "regionName" : "cartIcon",
          "type" : "region"
        } ],
        "renditionMap" : { },
        "type" : "component"
      } ],
      "id" : "310715e7-9236-4fb7-8e09-c785810eef14",
      "regionName" : "themeHeader",
      "type" : "region"
    }, {
      "components" : [ {
        "componentAttributes" : {
          "bgImage" : "background: #FFFFFF url(/sfsites/assets/themes/jepson-background.jpg) top center /cover",
          "bgOverlayColor" : "rgba(255, 255, 255, 0.20)",
          "captionText" : "Our Mission",
          "captionTextColor" : "rgba(0, 0, 0, 0.8)",
          "captionTextShadowColor" : "rgba(0, 0, 0, 0)",
          "contentAlignment" : "right",
          "contentWidth" : 45,
          "ctaBtnOneBgColor" : "",
          "ctaBtnOneBgHoverColor" : "",
          "ctaBtnOneBorderColor" : "rgba(10, 50, 198, 0)",
          "ctaBtnOneOpenNewTab" : false,
          "ctaBtnOneText" : "Our Projects",
          "ctaBtnOneTextColor" : "",
          "ctaBtnOneTextHoverColor" : "",
          "ctaBtnOneUrl" : "",
          "ctaBtnRadius" : 25,
          "ctaBtnTwoBgColor" : "rgba(255, 255, 255, 0)",
          "ctaBtnTwoBgHoverColor" : "rgba(255, 255, 255, 0.9)",
          "ctaBtnTwoBorderColor" : "rgba(0, 0, 0, 0.8)",
          "ctaBtnTwoOpenNewTab" : false,
          "ctaBtnTwoText" : "Contact Us",
          "ctaBtnTwoTextColor" : "rgba(0, 0, 0, 0.8)",
          "ctaBtnTwoTextHoverColor" : "rgba(0, 0, 0, 0.8)",
          "ctaBtnTwoUrl" : "",
          "ctaShowBtnOne" : true,
          "ctaShowBtnTwo" : true,
          "fixedHeroWidth" : true,
          "heroHeight" : 162,
          "heroWidth" : 1440,
          "showCaption" : true,
          "showSubtitle" : true,
          "showTitle" : true,
          "subtitleText" : "We specialize in the construction of unique and exclusive properties.  We deliver outstanding quality and design for leading architects and private clients around the world.",
          "subtitleTextColor" : "rgba(0, 0, 0, 0.8)",
          "subtitleTextShadowColor" : "rgba(0, 0, 0, 0)",
          "titleText" : "Your Dream Home",
          "titleTextColor" : "rgba(0, 0, 0, 0.8)",
          "titleTextShadowColor" : "rgba(0, 0, 0, 0)",
          "type" : "callToAction"
        },
        "componentName" : "forceCommunity:themeHeroStarter",
        "id" : "9de1ba80-698f-48f4-ba71-b49095bd4dfb",
        "regions" : [ {
          "components" : [ {
            "componentAttributes" : {
              "backgroundColor" : "#FFFFFF",
              "borderColor" : "rgba(0, 0, 0, 0)",
              "borderRadius" : 25,
              "borderStyle" : "outline",
              "buttonColor" : "",
              "buttonHoverColor" : "",
              "crossObjectTypeaheadApiNames" : "",
              "iconColor" : "#FFFFFF",
              "placeholderText" : "Ask a question...",
              "placeholderTextColor" : "rgba(0, 0, 0, 0.6)",
              "publicDropdownBackgroundColor" : "#FFFFFF",
              "publicDropdownBackgroundHoverColor" : "",
              "publicDropdownBorderColor" : "#F0F0F0",
              "publicDropdownTextColor" : "",
              "publicDropdownTextHoverColor" : "",
              "showSearchButton" : true,
              "textColor" : "rgba(0, 0, 0, 0.8)",
              "typeaheadResultMax" : 6,
              "useTypeahead" : true
            },
            "componentName" : "forceCommunity:themeSearchHero",
            "id" : "f4aee6b2-0a4e-4571-9ab2-39f09250ba2b",
            "renditionMap" : { },
            "type" : "component"
          } ],
          "id" : "9c5f18d5-c589-4437-bcb6-df7567cac491",
          "regionName" : "search",
          "type" : "region"
        } ],
        "renditionMap" : { },
        "type" : "component"
      } ],
      "id" : "c7f3176d-e9c1-483d-b53b-2495df6a801f",
      "regionName" : "themeHero",
      "type" : "region"
    }, {
      "id" : "36bebbc5-3fff-4554-be71-095ff9a903a7",
      "regionName" : "themeFooter",
      "type" : "region"
    } ],
    "type" : "view"
  }, {
    "componentAttributes" : { },
    "componentName" : "siteforce:themeLayoutStarter",
    "id" : "177fbba1-e1a5-4893-b4c7-d6227cddd853",
    "label" : "ServiceNotAvailable",
    "regions" : [ {
      "id" : "68782d1b-1dc1-4850-9ba4-38dd205c4d98",
      "regionName" : "themeHeader",
      "type" : "region"
    }, {
      "id" : "2204ba7d-9391-4ecc-b878-5027e0f0125b",
      "regionName" : "themeFooter",
      "type" : "region"
    } ],
    "type" : "view"
  } ]
}