{
  "appPageId" : "337013c6-d938-416e-8e47-602f422bd3a0",
  "componentName" : "siteforce:sldsOneColLayout",
  "id" : "13318070-3c8e-4e8d-8fe7-aed6bc36bcf2",
  "label" : "Account List",
  "regions" : [ {
    "id" : "3da4a295-b71a-4956-afb6-63d5261cdb35",
    "regionName" : "header",
    "type" : "region"
  }, {
    "components" : [ {
      "componentAttributes" : {
        "enableInlineEdit" : true,
        "filterName" : "{!filterId}",
        "layout" : "FULL",
        "pageSize" : 25,
        "scope" : "{!objectName}",
        "showActionBar" : true,
        "showChartsPanel" : true,
        "showDisplay" : "showall",
        "showFilterPanel" : true,
        "showImageIcon" : true,
        "showManualRefreshButton" : true,
        "showObjectName" : true,
        "showPinnedList" : true,
        "showSearchBar" : true
      },
      "componentName" : "forceCommunity:objectHome",
      "id" : "b470c096-e6e8-4651-a9cf-0b0e6b124543",
      "renderPriority" : "NEUTRAL",
      "renditionMap" : { },
      "type" : "component"
    } ],
    "id" : "10660671-82ec-4758-a345-e27a4c7f28dd",
    "regionName" : "content",
    "type" : "region"
  }, {
    "id" : "6331f4d6-3d91-41db-a9af-b88d387c360f",
    "regionName" : "footer",
    "type" : "region"
  } ],
  "themeLayoutType" : "Inner",
  "type" : "view",
  "viewType" : "list-001"
}