{
  "appPageId" : "337013c6-d938-416e-8e47-602f422bd3a0",
  "componentName" : "siteforce:sldsTwoCol84Layout",
  "id" : "e5f18ce0-58cf-44c6-8d53-2b0023ae57d0",
  "label" : "Account Detail",
  "regions" : [ {
    "components" : [ {
      "componentAttributes" : {
        "recordId" : "{!recordId}"
      },
      "componentName" : "forceCommunity:recordHeadline",
      "id" : "71fa607e-6ec8-47e4-9390-6267ca7814e4",
      "renderPriority" : "NEUTRAL",
      "renditionMap" : { },
      "type" : "component"
    } ],
    "id" : "65e2640a-9e42-4ecd-8e2d-521a924f37df",
    "regionName" : "header",
    "type" : "region"
  }, {
    "components" : [ {
      "componentAttributes" : {
        "tabsetConfig" : {
          "UUID" : "1b67da58-c922-4b2b-a716-9a31d62e0355",
          "activeTab" : "",
          "tabs" : [ {
            "UUID" : "a1eaea07-e363-47f4-b925-67e871c0c7b5",
            "allowGuestUser" : false,
            "locked" : false,
            "seedComponents" : [ ],
            "tabKey" : "1",
            "tabName" : "Produkty"
          }, {
            "UUID" : "b4a58c77-7750-4a55-89e8-f4360d33b692",
            "allowGuestUser" : false,
            "locked" : false,
            "seedComponents" : [ ],
            "tabKey" : "e855b",
            "tabName" : "Detail Klienta"
          }, {
            "UUID" : "61d3c654-770f-4661-b2c8-9d2abc23bfd6",
            "allowGuestUser" : false,
            "locked" : false,
            "seedComponents" : [ ],
            "tabKey" : "2",
            "tabName" : "Příležitosti"
          }, {
            "UUID" : "50f9350d-102b-47c4-80b3-8c7f684eecdf",
            "allowGuestUser" : false,
            "locked" : false,
            "seedComponents" : [ ],
            "tabKey" : "14cdb",
            "tabName" : "Klientská Zóna"
          }, {
            "UUID" : "b10b6be0-9722-43e2-acee-92a4f0deee2e",
            "allowGuestUser" : false,
            "locked" : false,
            "seedComponents" : [ ],
            "tabKey" : "3",
            "tabName" : "Vztahy"
          }, {
            "UUID" : "cb4b7cc5-347b-4544-a4cc-d892db6c43cf",
            "allowGuestUser" : false,
            "locked" : false,
            "seedComponents" : [ ],
            "tabKey" : "d80e1",
            "tabName" : "Souhlasy"
          }, {
            "UUID" : "cf8fc2f2-f915-4bc9-bf0f-9ee166963c59",
            "allowGuestUser" : false,
            "locked" : false,
            "seedComponents" : [ ],
            "tabKey" : "549bf",
            "tabName" : "Kontaktní Informace"
          }, {
            "UUID" : "a39f30a7-5afb-4800-a679-0e054e0bab16",
            "allowGuestUser" : false,
            "locked" : false,
            "seedComponents" : [ ],
            "tabKey" : "d5dfe",
            "tabName" : "Správa Stavu"
          } ],
          "useOverflowMenu" : false
        }
      },
      "componentName" : "forceCommunity:tabset",
      "id" : "1b67da58-c922-4b2b-a716-9a31d62e0355",
      "regions" : [ {
        "components" : [ {
          "componentAttributes" : {
            "recordId" : "{!recordId}"
          },
          "componentName" : "c:productRelatedListContainer",
          "id" : "0a0f2e05-26f8-490f-9dfe-39f67bd1c7e7",
          "renditionMap" : { },
          "type" : "component"
        } ],
        "id" : "a1eaea07-e363-47f4-b925-67e871c0c7b5",
        "regionLabel" : "Produkty",
        "regionName" : "1",
        "renditionMap" : { },
        "type" : "region"
      }, {
        "components" : [ {
          "componentAttributes" : {
            "recordId" : "{!recordId}"
          },
          "componentName" : "forceCommunity:recordDetail",
          "id" : "b3bf6283-2e99-4e74-a587-aecaa3e90418",
          "renditionMap" : { },
          "type" : "component"
        } ],
        "id" : "b4a58c77-7750-4a55-89e8-f4360d33b692",
        "regionLabel" : "Detail Klienta",
        "regionName" : "e855b",
        "renditionMap" : { },
        "type" : "region"
      }, {
        "components" : [ {
          "componentAttributes" : {
            "relatedListApiName" : "Opportunities",
            "relatedListComponentOverride" : "ADVGRID",
            "width" : "MEDIUM"
          },
          "componentName" : "forceCommunity:responsiveRelatedListSingle",
          "id" : "72d3ca78-d3d9-4cbb-a86e-a052a9b8acaf",
          "renditionMap" : { },
          "type" : "component"
        } ],
        "id" : "61d3c654-770f-4661-b2c8-9d2abc23bfd6",
        "regionLabel" : "Příležitosti",
        "regionName" : "2",
        "renditionMap" : { },
        "type" : "region"
      }, {
        "components" : [ {
          "componentAttributes" : {
            "relatedListApiName" : "ClientZones__r",
            "relatedListComponentOverride" : "ADVGRID",
            "width" : "MEDIUM"
          },
          "componentName" : "forceCommunity:responsiveRelatedListSingle",
          "id" : "7faf33e4-45ed-4f9f-aae8-3a2f8a968ba4",
          "renditionMap" : { },
          "type" : "component"
        } ],
        "id" : "50f9350d-102b-47c4-80b3-8c7f684eecdf",
        "regionLabel" : "Klientská Zóna",
        "regionName" : "14cdb",
        "renditionMap" : { },
        "type" : "region"
      }, {
        "components" : [ {
          "componentAttributes" : {
            "recordId" : "{!recordId}"
          },
          "componentName" : "c:relationsRelatedListContainer",
          "id" : "1934fb46-47ee-4cb7-884c-218eb6634f09",
          "renditionMap" : { },
          "type" : "component"
        } ],
        "id" : "b10b6be0-9722-43e2-acee-92a4f0deee2e",
        "regionLabel" : "Vztahy",
        "regionName" : "3",
        "renditionMap" : { },
        "type" : "region"
      }, {
        "components" : [ {
          "componentAttributes" : {
            "relatedListApiName" : "Consents__r",
            "relatedListComponentOverride" : "ADVGRID",
            "width" : "MEDIUM"
          },
          "componentName" : "forceCommunity:responsiveRelatedListSingle",
          "id" : "3c7fab2e-287a-4861-a18a-8cd7f4e28d75",
          "renditionMap" : { },
          "type" : "component"
        }, {
          "componentAttributes" : {
            "relatedListApiName" : "InternalConsents__r",
            "relatedListComponentOverride" : "ADVGRID",
            "width" : "MEDIUM"
          },
          "componentName" : "forceCommunity:responsiveRelatedListSingle",
          "id" : "b8ad79f4-482b-4a0a-8424-aaf0179d1c0c",
          "renditionMap" : { },
          "type" : "component"
        } ],
        "id" : "cb4b7cc5-347b-4544-a4cc-d892db6c43cf",
        "regionLabel" : "Souhlasy",
        "regionName" : "d80e1",
        "renditionMap" : { },
        "type" : "region"
      }, {
        "components" : [ {
          "componentAttributes" : {
            "recordId" : "{!recordId}"
          },
          "componentName" : "c:contactInfoRelatedListContainer",
          "id" : "b36004ea-cdd3-4168-83a6-d0b36d12cf55",
          "renditionMap" : { },
          "type" : "component"
        } ],
        "id" : "cf8fc2f2-f915-4bc9-bf0f-9ee166963c59",
        "regionLabel" : "Kontaktní Informace",
        "regionName" : "549bf",
        "renditionMap" : { },
        "type" : "region"
      }, {
        "components" : [ {
          "componentAttributes" : {
            "relatedListApiName" : "PortfolioManagementA__r",
            "relatedListComponentOverride" : "ADVGRID",
            "width" : "MEDIUM"
          },
          "componentName" : "forceCommunity:responsiveRelatedListSingle",
          "id" : "ce455fac-fc80-492b-836b-b0ad1484832c",
          "renditionMap" : { },
          "type" : "component"
        }, {
          "componentAttributes" : {
            "relatedListApiName" : "PortfolioManagementC__r",
            "relatedListComponentOverride" : "ADVGRID",
            "width" : "MEDIUM"
          },
          "componentName" : "forceCommunity:responsiveRelatedListSingle",
          "id" : "de15b4ad-5972-4062-a913-377fec4970d2",
          "renditionMap" : { },
          "type" : "component"
        }, {
          "componentAttributes" : {
            "relatedListApiName" : "PortfolioManagementRequests__r",
            "relatedListComponentOverride" : "ADVGRID",
            "width" : "MEDIUM"
          },
          "componentName" : "forceCommunity:responsiveRelatedListSingle",
          "id" : "a8f576b1-60cc-4add-b909-b2b768720778",
          "renditionMap" : { },
          "type" : "component"
        } ],
        "id" : "a39f30a7-5afb-4800-a679-0e054e0bab16",
        "regionLabel" : "Správa Stavu",
        "regionName" : "d5dfe",
        "renditionMap" : { },
        "type" : "region"
      } ],
      "renderPriority" : "NEUTRAL",
      "renditionMap" : { },
      "type" : "component"
    } ],
    "id" : "d46cd35c-f1e1-401b-9705-c39713cd8460",
    "regionName" : "content",
    "type" : "region"
  }, {
    "id" : "8e41d821-89f6-4a54-b15b-fba8e02eea11",
    "regionName" : "footer",
    "type" : "region"
  }, {
    "components" : [ {
      "componentAttributes" : {
        "customHeadTags" : "",
        "description" : "",
        "title" : "{!Record._Object}: {!Record._Title}"
      },
      "componentName" : "forceCommunity:seoAssistant",
      "id" : "9deee588-c42d-495a-a63d-253d4b99b53c",
      "renditionMap" : { },
      "type" : "component"
    } ],
    "id" : "493e077e-2a7d-4f6a-a58d-8311bdb43f3c",
    "regionName" : "sfdcHiddenRegion",
    "type" : "region"
  }, {
    "components" : [ {
      "componentAttributes" : { },
      "componentName" : "c:externalLinks",
      "id" : "6bac2893-7b9f-48b2-b38e-8034b8c62264",
      "renderPriority" : "HIGH",
      "renditionMap" : { },
      "type" : "component"
    }, {
      "componentAttributes" : {
        "recordId" : "{!recordId}"
      },
      "componentName" : "c:activeCampaignsContainer",
      "id" : "6806fc7d-584c-49a3-9b84-1fef5e018e5c",
      "renderPriority" : "NEUTRAL",
      "renditionMap" : { },
      "type" : "component"
    }, {
      "componentAttributes" : {
        "tabsetConfig" : {
          "UUID" : "5bdd7246-ba92-434c-8366-977d8e61e60a",
          "activeTab" : "",
          "tabs" : [ {
            "UUID" : "37bed6a9-17b7-4e18-a98d-d3a22eb9cb83",
            "allowGuestUser" : false,
            "locked" : false,
            "seedComponents" : [ ],
            "tabKey" : "1",
            "tabName" : "Kontaktní Historie"
          }, {
            "UUID" : "cc377162-ad89-47e4-89a9-e601e2a42915",
            "allowGuestUser" : false,
            "locked" : false,
            "seedComponents" : [ ],
            "tabKey" : "2",
            "tabName" : "Poznámky"
          }, {
            "UUID" : "4cbbdf45-144b-4418-abe5-acb1990360c6",
            "allowGuestUser" : false,
            "locked" : false,
            "seedComponents" : [ ],
            "tabKey" : "3",
            "tabName" : "Chatter"
          } ],
          "useOverflowMenu" : false
        }
      },
      "componentName" : "forceCommunity:tabset",
      "id" : "5bdd7246-ba92-434c-8366-977d8e61e60a",
      "regions" : [ {
        "components" : [ {
          "componentAttributes" : {
            "recordId" : "{!recordId}"
          },
          "componentName" : "forceCommunity:activityPanel",
          "id" : "216ee429-628b-4138-a91d-45e0bbd6781d",
          "renditionMap" : { },
          "type" : "component"
        } ],
        "id" : "37bed6a9-17b7-4e18-a98d-d3a22eb9cb83",
        "regionLabel" : "Kontaktní Historie",
        "regionName" : "1",
        "renditionMap" : { },
        "type" : "region"
      }, {
        "components" : [ {
          "componentAttributes" : {
            "relatedListApiName" : "AttachedContentNotes",
            "relatedListComponentOverride" : "ADVGRID",
            "width" : "MEDIUM"
          },
          "componentName" : "forceCommunity:responsiveRelatedListSingle",
          "id" : "b169c6e8-ee9d-4ae8-962b-9de561f7f755",
          "renditionMap" : { },
          "type" : "component"
        } ],
        "id" : "cc377162-ad89-47e4-89a9-e601e2a42915",
        "regionLabel" : "Poznámky",
        "regionName" : "2",
        "renditionMap" : { },
        "type" : "region"
      }, {
        "components" : [ {
          "componentAttributes" : {
            "context" : "RECORD",
            "recordId" : "{!recordId}",
            "width" : "MEDIUM"
          },
          "componentName" : "forceCommunity:feedPublisher",
          "id" : "501e584e-4cb0-463f-a0fc-d3451e26fb37",
          "renditionMap" : { },
          "type" : "component"
        }, {
          "componentAttributes" : {
            "canChangeSorting" : true,
            "defaultFilter" : "",
            "defaultSortOrderHomeFeed" : "Relevance",
            "defaultSortOrderTopicsFeed" : "Relevance",
            "feedDesign" : "DEFAULT",
            "hasFeedSearch" : true,
            "subjectId" : "{!recordId}",
            "type" : "Record"
          },
          "componentName" : "forceCommunity:forceCommunityFeed",
          "id" : "2c29846e-bbae-4152-898e-fc4695206a06",
          "renditionMap" : { },
          "type" : "component"
        }, {
          "componentAttributes" : {
            "richTextValue" : "<p><br></p><p><b>﻿Pravidla používání chatu</b>:</p><p>1. Příjemce zadávejte pomocí znaku&nbsp;@příjmení_příjemce nebo skupiny - začněte psát a systém Vám napoví</p><p>2. Chat v SalesForce používejte primárně pro zprávy a dotazy týkající se obchodu a činnosti Vašeho týmu</p><p>3. Při komunikaci se prosím vyhýbejte neslušným výrazům a komentářům týkajícím se rasy, náboženství nebo zdravotního stavu osob</p>"
          },
          "componentName" : "forceCommunity:richTextInline",
          "id" : "41b8eb9c-d27c-4bcb-84bb-a9f914e6f549",
          "renditionMap" : { },
          "type" : "component"
        } ],
        "id" : "4cbbdf45-144b-4418-abe5-acb1990360c6",
        "regionLabel" : "Chatter",
        "regionName" : "3",
        "renditionMap" : { },
        "type" : "region"
      } ],
      "renderPriority" : "NEUTRAL",
      "renditionMap" : { },
      "type" : "component"
    }, {
      "componentAttributes" : {
        "relatedListApiName" : "AttachedContentDocuments",
        "relatedListComponentOverride" : "ADVGRID",
        "width" : "MEDIUM"
      },
      "componentName" : "forceCommunity:responsiveRelatedListSingle",
      "id" : "e906cfc3-a96f-4f97-9ead-ae63f67fc33f",
      "renderPriority" : "NEUTRAL",
      "renditionMap" : { },
      "type" : "component"
    } ],
    "id" : "d46fe683-7649-4f3e-867e-c9f017dda31a",
    "regionName" : "sidebar",
    "type" : "region"
  } ],
  "themeLayoutType" : "Inner",
  "type" : "view",
  "viewType" : "detail-001"
}