{
  "appPageId" : "337013c6-d938-416e-8e47-602f422bd3a0",
  "componentName" : "siteforce:sldsTwoCol84Layout",
  "id" : "79be779d-b529-43ec-bc48-bdc1d5eaff3f",
  "label" : "Asset Detail - Investment Life Insurance",
  "regions" : [ {
    "components" : [ {
      "componentAttributes" : {
        "recordId" : "{!recordId}"
      },
      "componentName" : "forceCommunity:recordHeadline",
      "id" : "0f9ec4f7-9d87-4911-b67a-b677ccfea974",
      "renderPriority" : "NEUTRAL",
      "renditionMap" : { },
      "type" : "component"
    } ],
    "id" : "e45f8dff-b307-497f-ae44-94e44a948e9e",
    "regionName" : "header",
    "type" : "region"
  }, {
    "components" : [ {
      "componentAttributes" : {
        "tabsetConfig" : {
          "UUID" : "f15216d5-46f3-4e88-890f-a63f7464da13",
          "activeTab" : "",
          "tabs" : [ {
            "UUID" : "b2df5976-8c4b-4556-bf90-7a8ed408ab3c",
            "allowGuestUser" : false,
            "locked" : false,
            "seedComponents" : [ ],
            "tabKey" : "1",
            "tabName" : "Smlouva"
          }, {
            "UUID" : "5ecc3a52-62bb-4574-b5cc-f5f52bd505cb",
            "allowGuestUser" : false,
            "locked" : false,
            "seedComponents" : [ ],
            "tabKey" : "2",
            "tabName" : "Podrobnosti"
          } ],
          "useOverflowMenu" : false
        }
      },
      "componentName" : "forceCommunity:tabset",
      "id" : "f15216d5-46f3-4e88-890f-a63f7464da13",
      "regions" : [ {
        "components" : [ {
          "componentAttributes" : {
            "recordId" : "{!recordId}"
          },
          "componentName" : "forceCommunity:recordDetail",
          "id" : "f6ac217a-a756-4238-8d58-68a7e8ffefab",
          "renditionMap" : { },
          "type" : "component"
        } ],
        "id" : "b2df5976-8c4b-4556-bf90-7a8ed408ab3c",
        "regionLabel" : "Smlouva",
        "regionName" : "1",
        "renditionMap" : { },
        "type" : "region"
      }, {
        "components" : [ {
          "componentAttributes" : {
            "relatedListApiName" : "LifeInsuranceFonds__r",
            "relatedListComponentOverride" : "ADVGRID",
            "width" : "MEDIUM"
          },
          "componentName" : "forceCommunity:responsiveRelatedListSingle",
          "id" : "3d4939bc-a533-4695-a420-c7b351a8ce09",
          "renditionMap" : { },
          "type" : "component"
        }, {
          "componentAttributes" : {
            "relatedListApiName" : "LifeInsuranceRisks__r",
            "relatedListComponentOverride" : "ADVGRID",
            "width" : "MEDIUM"
          },
          "componentName" : "forceCommunity:responsiveRelatedListSingle",
          "id" : "72043c03-57f7-48d4-91d1-f1ddd1563ebe",
          "renditionMap" : { },
          "type" : "component"
        }, {
          "componentAttributes" : {
            "relatedListApiName" : "CrossSellingClosures__r",
            "relatedListComponentOverride" : "ADVGRID",
            "width" : "MEDIUM"
          },
          "componentName" : "forceCommunity:responsiveRelatedListSingle",
          "id" : "376f5b45-1473-48b9-a759-f7e0d991791f",
          "renditionMap" : { },
          "type" : "component"
        }, {
          "componentAttributes" : {
            "relatedListApiName" : "AssetAccountRelations__r",
            "relatedListComponentOverride" : "ADVGRID",
            "width" : "MEDIUM"
          },
          "componentName" : "forceCommunity:responsiveRelatedListSingle",
          "id" : "719503f8-ae19-4571-a900-d4715ed320a4",
          "renditionMap" : { },
          "type" : "component"
        } ],
        "id" : "5ecc3a52-62bb-4574-b5cc-f5f52bd505cb",
        "regionLabel" : "Podrobnosti",
        "regionName" : "2",
        "renditionMap" : { },
        "type" : "region"
      } ],
      "renderPriority" : "NEUTRAL",
      "renditionMap" : { },
      "type" : "component"
    } ],
    "id" : "f6440565-b606-47bf-8eb7-7dcc05a7c066",
    "regionName" : "content",
    "type" : "region"
  }, {
    "id" : "0c6c76f7-1785-4de3-af47-ea4e8c3f0839",
    "regionName" : "footer",
    "type" : "region"
  }, {
    "components" : [ {
      "componentAttributes" : {
        "customHeadTags" : "",
        "description" : "",
        "title" : "{!Record._Object}: {!Record._Title}"
      },
      "componentName" : "forceCommunity:seoAssistant",
      "id" : "b4d34b6b-21b6-4e11-ba4d-39d876ade95c",
      "renditionMap" : { },
      "type" : "component"
    } ],
    "id" : "72aa31d5-8dfe-4b9b-a84b-0204a6c8ef64",
    "regionName" : "sfdcHiddenRegion",
    "type" : "region"
  }, {
    "components" : [ {
      "componentAttributes" : {
        "context" : "RECORD",
        "recordId" : "{!recordId}",
        "width" : "MEDIUM"
      },
      "componentName" : "forceCommunity:feedPublisher",
      "id" : "b885cec8-b5c6-4bdf-952d-cd0bd50191b1",
      "renderPriority" : "NEUTRAL",
      "renditionMap" : { },
      "type" : "component"
    }, {
      "componentAttributes" : {
        "canChangeSorting" : true,
        "defaultFilter" : "",
        "defaultSortOrderHomeFeed" : "Relevance",
        "defaultSortOrderTopicsFeed" : "Relevance",
        "feedDesign" : "DEFAULT",
        "hasFeedSearch" : true,
        "subjectId" : "{!recordId}",
        "type" : "Record"
      },
      "componentName" : "forceCommunity:forceCommunityFeed",
      "id" : "ee169013-8e8d-442d-8c0e-1330353be8b8",
      "renderPriority" : "NEUTRAL",
      "renditionMap" : { },
      "type" : "component"
    }, {
      "componentAttributes" : {
        "richTextValue" : "<p><b>Pravidla používání chatu</b>:</p><p>1. Příjemce zadávejte pomocí znaku&nbsp;@příjmení_příjemce nebo skupiny - začněte psát a systém Vám napoví</p><p>2. Chat v SalesForce používejte primárně pro zprávy a dotazy týkající se obchodu a činnosti Vašeho týmu</p><p>3. Při komunikaci se prosím vyhýbejte neslušným výrazům a komentářům týkajícím se rasy, náboženství nebo zdravotního stavu osob</p>"
      },
      "componentName" : "forceCommunity:richTextInline",
      "id" : "55bf213c-d50b-4df9-abbe-340c7f716e19",
      "renderPriority" : "NEUTRAL",
      "renditionMap" : { },
      "type" : "component"
    } ],
    "id" : "7b66fe26-8659-4824-8510-72ead4239ae3",
    "regionName" : "sidebar",
    "type" : "region"
  } ],
  "themeLayoutType" : "Inner",
  "type" : "view",
  "viewType" : "detail-02i"
}