{
  "appPageId" : "337013c6-d938-416e-8e47-602f422bd3a0",
  "componentName" : "siteforce:sldsTwoCol84Layout",
  "id" : "278fc086-f84a-4ab7-9877-88a86649e729",
  "label" : "Asset Detail - Pension Products",
  "regions" : [ {
    "components" : [ {
      "componentAttributes" : {
        "recordId" : "{!recordId}"
      },
      "componentName" : "forceCommunity:recordHeadline",
      "id" : "a488513f-425c-4174-a737-152cac156444",
      "renderPriority" : "NEUTRAL",
      "renditionMap" : { },
      "type" : "component"
    } ],
    "id" : "2ebb856f-2fed-4179-8e60-cd4637ddd2bf",
    "regionName" : "header",
    "type" : "region"
  }, {
    "components" : [ {
      "componentAttributes" : {
        "tabsetConfig" : {
          "UUID" : "cca3b6d7-253e-4d97-b7e0-d8c646bd9ffa",
          "activeTab" : "",
          "tabs" : [ {
            "UUID" : "3c08fab4-03c8-43b2-99aa-b4851aae7f6e",
            "allowGuestUser" : false,
            "locked" : false,
            "seedComponents" : [ ],
            "tabKey" : "1",
            "tabName" : "Smlouva"
          }, {
            "UUID" : "a6d1e199-0106-4393-a72d-756522604422",
            "allowGuestUser" : false,
            "locked" : false,
            "seedComponents" : [ ],
            "tabKey" : "2",
            "tabName" : "Podrobnosti"
          } ],
          "useOverflowMenu" : false
        }
      },
      "componentName" : "forceCommunity:tabset",
      "id" : "cca3b6d7-253e-4d97-b7e0-d8c646bd9ffa",
      "regions" : [ {
        "components" : [ {
          "componentAttributes" : {
            "recordId" : "{!recordId}"
          },
          "componentName" : "forceCommunity:recordDetail",
          "id" : "57f9b2af-c635-404a-98e5-ffd0a3201251",
          "renditionMap" : { },
          "type" : "component"
        } ],
        "id" : "3c08fab4-03c8-43b2-99aa-b4851aae7f6e",
        "regionLabel" : "Smlouva",
        "regionName" : "1",
        "renditionMap" : { },
        "type" : "region"
      }, {
        "components" : [ {
          "componentAttributes" : {
            "relatedListApiName" : "AssetAccountRelations__r",
            "relatedListComponentOverride" : "ADVGRID",
            "width" : "MEDIUM"
          },
          "componentName" : "forceCommunity:responsiveRelatedListSingle",
          "id" : "c887f51a-7c16-42ea-818e-c04c9e2baf6d",
          "renditionMap" : { },
          "type" : "component"
        }, {
          "componentAttributes" : {
            "relatedListApiName" : "PrimaryAssets",
            "relatedListComponentOverride" : "ADVGRID",
            "width" : "MEDIUM"
          },
          "componentName" : "forceCommunity:responsiveRelatedListSingle",
          "id" : "9e6dea57-c595-4554-bcf7-9237a6bfe139",
          "renditionMap" : { },
          "type" : "component"
        }, {
          "componentAttributes" : {
            "relatedListApiName" : "CrossSellingClosures__r",
            "relatedListComponentOverride" : "ADVGRID",
            "width" : "MEDIUM"
          },
          "componentName" : "forceCommunity:responsiveRelatedListSingle",
          "id" : "5c27461d-a4dc-4de2-89cf-b4c51ad978f3",
          "renditionMap" : { },
          "type" : "component"
        }, {
          "componentAttributes" : {
            "relatedListApiName" : "PensionStrategies__r",
            "relatedListComponentOverride" : "ADVGRID",
            "width" : "MEDIUM"
          },
          "componentName" : "forceCommunity:responsiveRelatedListSingle",
          "id" : "3e24e252-aa47-438c-928a-11935c2d24b5",
          "renditionMap" : { },
          "type" : "component"
        } ],
        "id" : "a6d1e199-0106-4393-a72d-756522604422",
        "regionLabel" : "Podrobnosti",
        "regionName" : "2",
        "renditionMap" : { },
        "type" : "region"
      } ],
      "renderPriority" : "NEUTRAL",
      "renditionMap" : { },
      "type" : "component"
    } ],
    "id" : "36151abb-08a4-4f49-8171-9631907d60f1",
    "regionName" : "content",
    "type" : "region"
  }, {
    "id" : "353f1e01-7a37-40d2-9249-2684c4f16671",
    "regionName" : "footer",
    "type" : "region"
  }, {
    "components" : [ {
      "componentAttributes" : {
        "customHeadTags" : "",
        "description" : "",
        "title" : "{!Record._Object}: {!Record._Title}"
      },
      "componentName" : "forceCommunity:seoAssistant",
      "id" : "a53664ca-6df7-44b9-a0b0-88d9bed478b0",
      "renditionMap" : { },
      "type" : "component"
    } ],
    "id" : "9c32da1a-bbdb-4992-9e9c-8feb58797a8d",
    "regionName" : "sfdcHiddenRegion",
    "type" : "region"
  }, {
    "components" : [ {
      "componentAttributes" : {
        "context" : "RECORD",
        "recordId" : "{!recordId}",
        "width" : "MEDIUM"
      },
      "componentName" : "forceCommunity:feedPublisher",
      "id" : "34ce378d-1ef8-4a6d-ba18-670c94564818",
      "renderPriority" : "NEUTRAL",
      "renditionMap" : { },
      "type" : "component"
    }, {
      "componentAttributes" : {
        "canChangeSorting" : true,
        "defaultFilter" : "",
        "defaultSortOrderHomeFeed" : "Relevance",
        "defaultSortOrderTopicsFeed" : "Relevance",
        "feedDesign" : "DEFAULT",
        "hasFeedSearch" : true,
        "subjectId" : "{!recordId}",
        "type" : "Record"
      },
      "componentName" : "forceCommunity:forceCommunityFeed",
      "id" : "b1a53100-7240-4118-8791-3ae6aaa1ffd2",
      "renderPriority" : "NEUTRAL",
      "renditionMap" : { },
      "type" : "component"
    }, {
      "componentAttributes" : {
        "richTextValue" : "<p><b>Pravidla používání chatu</b>:</p><p>1. Příjemce zadávejte pomocí znaku&nbsp;@příjmení_příjemce nebo skupiny - začněte psát a systém Vám napoví</p><p>2. Chat v SalesForce používejte primárně pro zprávy a dotazy týkající se obchodu a činnosti Vašeho týmu</p><p>3. Při komunikaci se prosím vyhýbejte neslušným výrazům a komentářům týkajícím se rasy, náboženství nebo zdravotního stavu osob</p>"
      },
      "componentName" : "forceCommunity:richTextInline",
      "id" : "f6b114c6-326a-4b6f-9326-db66333d58c7",
      "renderPriority" : "NEUTRAL",
      "renditionMap" : { },
      "type" : "component"
    } ],
    "id" : "311f7803-d5cf-4efe-95ea-82839fbfddd5",
    "regionName" : "sidebar",
    "type" : "region"
  } ],
  "themeLayoutType" : "Inner",
  "type" : "view",
  "viewType" : "detail-02i"
}