{
  "appPageId" : "337013c6-d938-416e-8e47-602f422bd3a0",
  "componentName" : "siteforce:sldsOneColLayout",
  "id" : "f881464c-be0e-4fc3-b28d-0212170d5281",
  "label" : "Asset List",
  "regions" : [ {
    "id" : "5eef4ac8-8adf-4557-b5b8-1cff3a92c463",
    "regionName" : "header",
    "type" : "region"
  }, {
    "components" : [ {
      "componentAttributes" : {
        "enableInlineEdit" : true,
        "filterName" : "{!filterId}",
        "layout" : "FULL",
        "pageSize" : 25,
        "scope" : "{!objectName}",
        "showActionBar" : true,
        "showChartsPanel" : true,
        "showDisplay" : "showall",
        "showFilterPanel" : true,
        "showImageIcon" : true,
        "showManualRefreshButton" : true,
        "showObjectName" : true,
        "showPinnedList" : true,
        "showSearchBar" : true
      },
      "componentName" : "forceCommunity:objectHome",
      "id" : "6aa042b9-22d1-4145-92b6-4acdfd55c846",
      "renderPriority" : "NEUTRAL",
      "renditionMap" : { },
      "type" : "component"
    } ],
    "id" : "391444aa-cd55-4404-90fb-e20e4552f99b",
    "regionName" : "content",
    "type" : "region"
  }, {
    "id" : "b3c1b0bd-a164-45be-a169-9ec2834d7612",
    "regionName" : "footer",
    "type" : "region"
  } ],
  "themeLayoutType" : "Inner",
  "type" : "view",
  "viewType" : "list-02i"
}