{
  "appPageId" : "337013c6-d938-416e-8e47-602f422bd3a0",
  "componentName" : "siteforce:sldsTwoCol84Layout",
  "id" : "57700df4-d34c-4c57-a7ce-ec2aafb586e7",
  "label" : "Asset Detail - Credit and Interm. Loans",
  "regions" : [ {
    "components" : [ {
      "componentAttributes" : {
        "recordId" : "{!recordId}"
      },
      "componentName" : "forceCommunity:recordHeadline",
      "id" : "4d121e91-3f94-4ca5-8183-4c9ce8ffb93a",
      "renderPriority" : "NEUTRAL",
      "renditionMap" : { },
      "type" : "component"
    } ],
    "id" : "56f06e1f-a15d-49a1-ab15-177b8fec6721",
    "regionName" : "header",
    "type" : "region"
  }, {
    "components" : [ {
      "componentAttributes" : {
        "tabsetConfig" : {
          "UUID" : "3ee4ce64-5be8-4872-ace4-19e3b1e254de",
          "activeTab" : "",
          "tabs" : [ {
            "UUID" : "6f73df67-0225-482f-8576-82bfd1617101",
            "allowGuestUser" : false,
            "locked" : false,
            "seedComponents" : [ ],
            "tabKey" : "1",
            "tabName" : "Smlouva"
          }, {
            "UUID" : "35cbdaf6-82eb-4a15-b80f-fc7dc34fe6f7",
            "allowGuestUser" : false,
            "locked" : false,
            "seedComponents" : [ ],
            "tabKey" : "2",
            "tabName" : "Podrobnosti"
          } ],
          "useOverflowMenu" : false
        }
      },
      "componentName" : "forceCommunity:tabset",
      "id" : "3ee4ce64-5be8-4872-ace4-19e3b1e254de",
      "regions" : [ {
        "components" : [ {
          "componentAttributes" : {
            "recordId" : "{!recordId}"
          },
          "componentName" : "forceCommunity:recordDetail",
          "id" : "e76270d4-a96f-4ccb-a7b6-6200c27d0ed8",
          "renditionMap" : { },
          "type" : "component"
        } ],
        "id" : "6f73df67-0225-482f-8576-82bfd1617101",
        "regionLabel" : "Smlouva",
        "regionName" : "1",
        "renditionMap" : { },
        "type" : "region"
      }, {
        "components" : [ {
          "componentAttributes" : {
            "relatedListApiName" : "Asset_Changes__r",
            "relatedListComponentOverride" : "ADVGRID",
            "width" : "MEDIUM"
          },
          "componentName" : "forceCommunity:responsiveRelatedListSingle",
          "id" : "c5cfff92-a259-4f5e-adf6-2f23287dfb91",
          "renditionMap" : { },
          "type" : "component"
        }, {
          "componentAttributes" : {
            "relatedListApiName" : "AssetAccountRelations__r",
            "relatedListComponentOverride" : "ADVGRID",
            "width" : "MEDIUM"
          },
          "componentName" : "forceCommunity:responsiveRelatedListSingle",
          "id" : "c12f0591-7f92-4f6b-a6d9-453e78fa48b9",
          "renditionMap" : { },
          "type" : "component"
        }, {
          "componentAttributes" : {
            "relatedListApiName" : "Asset_DIMAs__r",
            "relatedListComponentOverride" : "ADVGRID",
            "width" : "MEDIUM"
          },
          "componentName" : "forceCommunity:responsiveRelatedListSingle",
          "id" : "f4c9a6d0-b0c2-42dc-ac3a-78c0f1320108",
          "renditionMap" : { },
          "type" : "component"
        }, {
          "componentAttributes" : {
            "relatedListApiName" : "RelatedAssets",
            "relatedListComponentOverride" : "ADVGRID",
            "width" : "MEDIUM"
          },
          "componentName" : "forceCommunity:responsiveRelatedListSingle",
          "id" : "75be129f-1115-461e-ae99-a2efd4e7e158",
          "renditionMap" : { },
          "type" : "component"
        }, {
          "componentAttributes" : {
            "relatedListApiName" : "PrimaryAssets",
            "relatedListComponentOverride" : "ADVGRID",
            "width" : "MEDIUM"
          },
          "componentName" : "forceCommunity:responsiveRelatedListSingle",
          "id" : "a8f97ea5-a334-44ce-ae5a-e54a50d0f6d3",
          "renditionMap" : { },
          "type" : "component"
        } ],
        "id" : "35cbdaf6-82eb-4a15-b80f-fc7dc34fe6f7",
        "regionLabel" : "Podrobnosti",
        "regionName" : "2",
        "renditionMap" : { },
        "type" : "region"
      } ],
      "renderPriority" : "NEUTRAL",
      "renditionMap" : { },
      "type" : "component"
    } ],
    "id" : "708b331e-aed9-4bb6-9a46-e2055b48a58b",
    "regionName" : "content",
    "type" : "region"
  }, {
    "id" : "6aae1158-e15f-4b08-be77-17578120ad39",
    "regionName" : "footer",
    "type" : "region"
  }, {
    "components" : [ {
      "componentAttributes" : {
        "customHeadTags" : "",
        "description" : "",
        "title" : "{!Record._Object}: {!Record._Title}"
      },
      "componentName" : "forceCommunity:seoAssistant",
      "id" : "8860b1e3-80e1-4985-8c05-c938ef56d58d",
      "renditionMap" : { },
      "type" : "component"
    } ],
    "id" : "8c1c1395-977a-4831-b549-c985e846cb3a",
    "regionName" : "sfdcHiddenRegion",
    "type" : "region"
  }, {
    "components" : [ {
      "componentAttributes" : {
        "context" : "RECORD",
        "recordId" : "{!recordId}",
        "width" : "MEDIUM"
      },
      "componentName" : "forceCommunity:feedPublisher",
      "id" : "3e85a4da-a3bd-4a1a-81a7-4967450661b6",
      "renderPriority" : "NEUTRAL",
      "renditionMap" : { },
      "type" : "component"
    }, {
      "componentAttributes" : {
        "canChangeSorting" : true,
        "defaultFilter" : "",
        "defaultSortOrderHomeFeed" : "Relevance",
        "defaultSortOrderTopicsFeed" : "Relevance",
        "feedDesign" : "DEFAULT",
        "hasFeedSearch" : true,
        "subjectId" : "{!recordId}",
        "type" : "Record"
      },
      "componentName" : "forceCommunity:forceCommunityFeed",
      "id" : "c62f5748-ce6a-4dba-b088-e03227a5e9f9",
      "renderPriority" : "NEUTRAL",
      "renditionMap" : { },
      "type" : "component"
    }, {
      "componentAttributes" : {
        "richTextValue" : "<p><b>Pravidla používání chatu</b>:</p><p>1. Příjemce zadávejte pomocí znaku&nbsp;@příjmení_příjemce nebo skupiny - začněte psát a systém Vám napoví</p><p>2. Chat v SalesForce používejte primárně pro zprávy a dotazy týkající se obchodu a činnosti Vašeho týmu</p><p>3. Při komunikaci se prosím vyhýbejte neslušným výrazům a komentářům týkajícím se rasy, náboženství nebo zdravotního stavu osob</p>"
      },
      "componentName" : "forceCommunity:richTextInline",
      "id" : "dbf76faf-77de-49ad-a5c4-e7ec1379792f",
      "renderPriority" : "NEUTRAL",
      "renditionMap" : { },
      "type" : "component"
    } ],
    "id" : "17409277-ff39-4c4b-a9c6-c258f4d2228a",
    "regionName" : "sidebar",
    "type" : "region"
  } ],
  "themeLayoutType" : "Inner",
  "type" : "view",
  "viewType" : "detail-02i"
}