{
  "appPageId" : "337013c6-d938-416e-8e47-602f422bd3a0",
  "componentName" : "siteforce:sldsOneColLayout",
  "id" : "21fc458f-b49a-48a8-ab44-6b328772f9a3",
  "label" : "Case List",
  "regions" : [ {
    "id" : "670e638e-4e51-4c57-bdfc-14c690f6c2f6",
    "regionName" : "header",
    "type" : "region"
  }, {
    "components" : [ {
      "componentAttributes" : {
        "enableInlineEdit" : true,
        "filterName" : "{!filterId}",
        "layout" : "FULL",
        "pageSize" : 25,
        "scope" : "{!objectName}",
        "showActionBar" : true,
        "showChartsPanel" : true,
        "showDisplay" : "showall",
        "showFilterPanel" : true,
        "showImageIcon" : true,
        "showManualRefreshButton" : true,
        "showObjectName" : true,
        "showPinnedList" : true,
        "showSearchBar" : true
      },
      "componentName" : "forceCommunity:objectHome",
      "id" : "b33a60b9-c81d-4467-a6c5-e8cd0287b774",
      "renderPriority" : "NEUTRAL",
      "renditionMap" : { },
      "type" : "component"
    } ],
    "id" : "64028e9e-f748-435b-a82d-dbc7f7ab43a4",
    "regionName" : "content",
    "type" : "region"
  }, {
    "id" : "a4f34faa-a0b3-409c-9823-f00c1797cffb",
    "regionName" : "footer",
    "type" : "region"
  } ],
  "themeLayoutType" : "Inner",
  "type" : "view",
  "viewType" : "list-500"
}