{
  "appPageId" : "337013c6-d938-416e-8e47-602f422bd3a0",
  "componentName" : "siteforce:sldsTwoCol84Layout",
  "id" : "40df8a43-3993-45a7-97ec-da23d83d3398",
  "label" : "Case Detail",
  "regions" : [ {
    "components" : [ {
      "componentAttributes" : {
        "recordId" : "{!recordId}"
      },
      "componentName" : "forceCommunity:recordHeadline",
      "id" : "e7e2d708-2377-4bcf-a86c-bf0c9cbb688e",
      "renderPriority" : "NEUTRAL",
      "renditionMap" : { },
      "type" : "component"
    } ],
    "id" : "69a147a3-624a-4890-9583-703231bdcc32",
    "regionName" : "header",
    "type" : "region"
  }, {
    "components" : [ {
      "componentAttributes" : {
        "recordId" : "{!recordId}"
      },
      "componentName" : "forceCommunity:recordDetail",
      "id" : "7773047f-66ec-42f2-bc86-61899c93b6c9",
      "renderPriority" : "NEUTRAL",
      "renditionMap" : { },
      "type" : "component"
    } ],
    "id" : "9c67b918-8ba5-4234-89ae-dad5a61fb4ab",
    "regionName" : "content",
    "type" : "region"
  }, {
    "id" : "33ccf472-617d-4480-9db6-52b79d492988",
    "regionName" : "footer",
    "type" : "region"
  }, {
    "components" : [ {
      "componentAttributes" : {
        "customHeadTags" : "",
        "description" : "",
        "title" : "{!Record._Object}: {!Record._Title}"
      },
      "componentName" : "forceCommunity:seoAssistant",
      "id" : "e7b6875e-2f34-4c43-b260-5b4c2cc7d905",
      "renditionMap" : { },
      "type" : "component"
    } ],
    "id" : "aceb0cca-08a8-4944-b4a3-137bd67d5a8b",
    "regionName" : "sfdcHiddenRegion",
    "type" : "region"
  }, {
    "components" : [ {
      "componentAttributes" : {
        "relatedListApiName" : "CaseTypes__r",
        "relatedListComponentOverride" : "ADVGRID",
        "width" : "MEDIUM"
      },
      "componentName" : "forceCommunity:responsiveRelatedListSingle",
      "id" : "b014c123-5b7d-4eb2-b458-f3dd0ecc5da4",
      "renderPriority" : "NEUTRAL",
      "renditionMap" : { },
      "type" : "component"
    }, {
      "componentAttributes" : {
        "relatedListApiName" : "Histories",
        "relatedListComponentOverride" : "NONE",
        "width" : "MEDIUM"
      },
      "componentName" : "forceCommunity:responsiveRelatedListSingle",
      "id" : "9054ebe8-ce5e-4ee4-b5a2-2398d84b71b7",
      "renderPriority" : "NEUTRAL",
      "renditionMap" : { },
      "type" : "component"
    }, {
      "componentAttributes" : {
        "relatedListApiName" : "CombinedAttachments",
        "relatedListComponentOverride" : "NONE",
        "width" : "MEDIUM"
      },
      "componentName" : "forceCommunity:responsiveRelatedListSingle",
      "id" : "5a92791d-ca25-4b72-84ae-e660b517a38f",
      "renderPriority" : "NEUTRAL",
      "renditionMap" : { },
      "type" : "component"
    }, {
      "componentAttributes" : {
        "context" : "RECORD",
        "recordId" : "{!recordId}",
        "width" : "MEDIUM"
      },
      "componentName" : "forceCommunity:feedPublisher",
      "id" : "c759217d-1c1e-4864-9483-7aeef99209d9",
      "renderPriority" : "NEUTRAL",
      "renditionMap" : { },
      "type" : "component"
    }, {
      "componentAttributes" : {
        "canChangeSorting" : true,
        "defaultFilter" : "",
        "defaultSortOrderHomeFeed" : "Relevance",
        "defaultSortOrderTopicsFeed" : "Relevance",
        "feedDesign" : "DEFAULT",
        "hasFeedSearch" : true,
        "subjectId" : "{!recordId}",
        "type" : "Record"
      },
      "componentName" : "forceCommunity:forceCommunityFeed",
      "id" : "0a3d71d3-3aac-4eba-8f48-c2a75d40d231",
      "renderPriority" : "NEUTRAL",
      "renditionMap" : { },
      "type" : "component"
    } ],
    "id" : "394ed1d1-eb83-4402-a2d1-915d06114cb4",
    "regionName" : "sidebar",
    "type" : "region"
  } ],
  "themeLayoutType" : "Inner",
  "type" : "view",
  "viewType" : "detail-500"
}