{
  "appPageId" : "337013c6-d938-416e-8e47-602f422bd3a0",
  "componentName" : "siteforce:sldsOneColLayout",
  "id" : "df94db9b-c832-439d-9a7c-c1d0e4bd747f",
  "label" : "Client Zone List",
  "regions" : [ {
    "id" : "de990b56-69ec-4cf2-8e81-5fca75f6df82",
    "regionName" : "header",
    "type" : "region"
  }, {
    "components" : [ {
      "componentAttributes" : {
        "enableInlineEdit" : true,
        "filterName" : "{!filterId}",
        "layout" : "FULL",
        "pageSize" : 25,
        "scope" : "{!objectName}",
        "showActionBar" : true,
        "showChartsPanel" : true,
        "showDisplay" : "showall",
        "showFilterPanel" : true,
        "showImageIcon" : true,
        "showManualRefreshButton" : true,
        "showObjectName" : true,
        "showPinnedList" : true,
        "showSearchBar" : true
      },
      "componentName" : "forceCommunity:objectHome",
      "id" : "e15f4f82-6005-4e1f-9d07-76dac16ca32c",
      "renderPriority" : "NEUTRAL",
      "renditionMap" : { },
      "type" : "component"
    } ],
    "id" : "8501f683-2470-4bf3-9fa2-b0d7b99a1ede",
    "regionName" : "content",
    "type" : "region"
  }, {
    "id" : "e4271552-bad7-4034-bb03-520d5b2c6a3b",
    "regionName" : "footer",
    "type" : "region"
  } ],
  "themeLayoutType" : "Inner",
  "type" : "view",
  "viewType" : "list-a0I"
}