{
  "appPageId" : "337013c6-d938-416e-8e47-602f422bd3a0",
  "componentName" : "siteforce:sldsOneColLayout",
  "id" : "90fd20d7-29d2-4a19-9b48-7ec24d5ab85f",
  "label" : "Event List",
  "regions" : [ {
    "id" : "ed1fea7e-5135-42c3-8cea-bfa3aed88685",
    "regionName" : "header",
    "type" : "region"
  }, {
    "id" : "d9b997b9-ffff-4d6f-943f-2d4c37b1e34a",
    "regionName" : "content",
    "type" : "region"
  }, {
    "id" : "5632d75a-ef5a-42ea-9693-ea4654db7d52",
    "regionName" : "footer",
    "type" : "region"
  } ],
  "themeLayoutType" : "Inner",
  "type" : "view",
  "viewType" : "list-00U"
}