{
  "appPageId" : "337013c6-d938-416e-8e47-602f422bd3a0",
  "componentName" : "siteforce:sldsOneColLayout",
  "id" : "a1a09f54-0237-4389-b63f-d27b1eee7664",
  "label" : "Feed Channel List",
  "regions" : [ {
    "components" : [ {
      "componentAttributes" : { },
      "componentName" : "forceCommunity:streamList",
      "id" : "ec9a0302-96d1-486a-a03b-aa45a8938b57",
      "renderPriority" : "NEUTRAL",
      "renditionMap" : { },
      "type" : "component"
    } ],
    "id" : "d2d8b75b-d60b-4009-9a08-9457b75fb322",
    "regionName" : "content",
    "type" : "region"
  } ],
  "themeLayoutType" : "Inner",
  "type" : "view",
  "viewType" : "list-0Fq"
}