{
  "appPageId" : "337013c6-d938-416e-8e47-602f422bd3a0",
  "componentName" : "siteforce:sldsOneColLayout",
  "id" : "5b620f7f-0f69-4c09-a67f-f38024e24d76",
  "label" : "Feed Channel Related List",
  "regions" : [ {
    "id" : "f753e6ab-4df2-4bc6-bc98-7d90e0bd2d43",
    "regionName" : "header",
    "type" : "region"
  }, {
    "id" : "4fb70377-329a-4ee7-bffe-4d1aec252a3b",
    "regionName" : "content",
    "type" : "region"
  }, {
    "id" : "cbf2a947-3deb-4f85-a8f2-f11407633949",
    "regionName" : "footer",
    "type" : "region"
  } ],
  "themeLayoutType" : "Inner",
  "type" : "view",
  "viewType" : "relatedlist-0Fq"
}