{
  "appPageId" : "337013c6-d938-416e-8e47-602f422bd3a0",
  "componentName" : "siteforce:sldsTwoCol84Layout",
  "id" : "66be39cf-813b-49f0-abb6-b9ca503bd421",
  "label" : "Home",
  "regions" : [ {
    "id" : "8ace0fca-c471-44c9-82d4-8a82040b3eca",
    "regionName" : "header",
    "type" : "region"
  }, {
    "components" : [ {
      "componentAttributes" : {
        "tabsetConfig" : {
          "UUID" : "db1d8bc7-7db3-4ca2-86d9-8a49c9a65004",
          "activeTab" : "",
          "tabs" : [ {
            "UUID" : "235edbaf-5d03-4817-bd66-17cabba52f5b",
            "allowGuestUser" : false,
            "locked" : false,
            "seedComponents" : [ ],
            "tabKey" : "2",
            "tabName" : "Přehled"
          }, {
            "UUID" : "28f5194d-b03d-4141-9254-d0873bccfdce",
            "allowGuestUser" : false,
            "locked" : false,
            "seedComponents" : [ ],
            "tabKey" : "1",
            "tabName" : "Kalendář"
          } ],
          "useOverflowMenu" : false
        }
      },
      "componentName" : "forceCommunity:tabset",
      "id" : "db1d8bc7-7db3-4ca2-86d9-8a49c9a65004",
      "regions" : [ {
        "components" : [ {
          "componentAttributes" : {
            "height" : "1100",
            "recordId" : "01Z1x000001Fb6XEAS"
          },
          "componentName" : "forceCommunity:dashboard",
          "id" : "42c02c4a-58f1-4729-ba88-9c0e57de1f0c",
          "renditionMap" : { },
          "type" : "component"
        } ],
        "id" : "235edbaf-5d03-4817-bd66-17cabba52f5b",
        "regionLabel" : "Přehled",
        "regionName" : "2",
        "renditionMap" : { },
        "type" : "region"
      }, {
        "components" : [ {
          "componentAttributes" : {
            "showCreateNewCalendar" : true,
            "showOtherCalendars" : false,
            "showSidebar" : true
          },
          "componentName" : "forceCommunity:calendar",
          "id" : "2c1499dd-ca45-495f-8fee-c46e5ccef2d5",
          "renditionMap" : { },
          "type" : "component"
        } ],
        "id" : "28f5194d-b03d-4141-9254-d0873bccfdce",
        "regionLabel" : "Kalendář",
        "regionName" : "1",
        "renditionMap" : { },
        "type" : "region"
      } ],
      "renderPriority" : "NEUTRAL",
      "renditionMap" : { },
      "type" : "component"
    } ],
    "id" : "b79bd9a3-5675-4bd4-9a83-670d33512510",
    "regionName" : "content",
    "type" : "region"
  }, {
    "id" : "89d3e976-8149-464f-96ce-afe865e5a575",
    "regionName" : "footer",
    "type" : "region"
  }, {
    "components" : [ {
      "componentAttributes" : {
        "customHeadTags" : "",
        "description" : "",
        "title" : "Home"
      },
      "componentName" : "forceCommunity:seoAssistant",
      "id" : "a53132e3-4b1e-48f1-a07c-de26503ba44a",
      "renditionMap" : { },
      "type" : "component"
    } ],
    "id" : "b2108e53-7cd6-4981-a8b6-9a588f9d8198",
    "regionName" : "sfdcHiddenRegion",
    "type" : "region"
  }, {
    "components" : [ {
      "componentAttributes" : {
        "richTextValue" : "<p><b style=\"color: rgb(8, 151, 234); font-size: 16px;\">Novinky a odkazy</b></p><p><br></p><p><b style=\"color: rgb(0, 0, 0);\">Hodnocení aplikace SalesForce</b></p><p>odkaz pro zadání zpětné vazby, námětů, chyb a připomínek ….<b> </b><a href=\"https://forms.gle/6Z6qYFPkZNAdazt39\" rel=\"noopener noreferrer\" target=\"_blank\">odkaz</a></p><p><br></p><p><b style=\"font-size: 12px; color: rgb(0, 0, 0);\">Všechna infa</b><span style=\"font-size: 12px; color: rgb(0, 0, 0);\"> - </span><a href=\"https://shrprodinternal.cmss.local/sites/edoc/info/Lists/Info/AllItems.aspx\" rel=\"noopener noreferrer\" target=\"_blank\" style=\"font-size: 12px; color: rgb(8, 151, 234);\">odkaz</a></p><p><b style=\"font-size: 12px; color: rgb(0, 0, 0);\">Nejnovější Info</b><span style=\"font-size: 12px; color: rgb(0, 0, 0);\">:</span><span style=\"font-size: 12px; color: rgb(8, 151, 234);\"> </span><a href=\"https://spsprodinternal.cmss.local/sites/edoc/info/Lists/Info/1.%20OZ/2021/INFO_60_2021.docx?d=w08c0f3575e914e7bb70d8c4cf6238d73\" rel=\"noopener noreferrer\" target=\"_blank\" style=\"font-size: 12px; color: rgb(8, 151, 234);\">Info 60/2021</a><span style=\"font-size: 12px; color: rgb(0, 0, 0);\">&nbsp;&nbsp;&nbsp;Úrokové sazby MÚ od 19. 7. 2021</span></p><p><br></p><p><b style=\"font-size: 12px; color: rgb(0, 0, 0);\">Týdenní informace</b><span style=\"font-size: 12px; color: rgb(0, 0, 0);\"> - </span><a href=\"https://spsprodinternal.cmss.local/sites/edoc/docs/Lists/221/T%C3%BDdenn%C3%AD%20informace/2021/T%C3%BDdenn%C3%AD%20informace%202021%20word.docx\" rel=\"noopener noreferrer\" target=\"_blank\" style=\"font-size: 12px; color: rgb(8, 151, 234);\">TI 28/2021</a></p>"
      },
      "componentName" : "forceCommunity:richTextInline",
      "id" : "5b4bf658-6f6b-4447-95f5-9b793871d6cc",
      "renderPriority" : "HIGHEST",
      "renditionMap" : { },
      "type" : "component"
    }, {
      "componentAttributes" : {
        "canChangeSorting" : false,
        "defaultFilter" : "",
        "defaultSortOrderHomeFeed" : "Relevance",
        "defaultSortOrderTopicsFeed" : "Relevance",
        "feedDesign" : "BROWSE",
        "hasFeedSearch" : false,
        "subjectId" : "",
        "type" : "Record"
      },
      "componentName" : "forceCommunity:forceCommunityFeed",
      "id" : "b5465cbb-784d-4610-9645-0361d8fdc02e",
      "renderPriority" : "HIGHEST",
      "renditionMap" : { },
      "type" : "component"
    }, {
      "componentAttributes" : { },
      "componentName" : "c:externalLinks",
      "id" : "59b6d9a4-1761-4859-9d2b-45ebdd40e12f",
      "renderPriority" : "HIGH",
      "renditionMap" : { },
      "type" : "component"
    }, {
      "componentAttributes" : {
        "enableInlineEdit" : true,
        "filterName" : "00B1x000005KlZBEA0",
        "layout" : "COMPACT",
        "pageSize" : 4,
        "scope" : "Task",
        "showActionBar" : true,
        "showChartsPanel" : true,
        "showDisplay" : "showall",
        "showFilterPanel" : true,
        "showImageIcon" : true,
        "showManualRefreshButton" : true,
        "showObjectName" : true,
        "showPinnedList" : true,
        "showSearchBar" : true
      },
      "componentName" : "forceCommunity:objectHome",
      "id" : "821af24d-c189-430b-951e-617cf2372719",
      "renderPriority" : "HIGHEST",
      "renditionMap" : { },
      "type" : "component"
    }, {
      "componentAttributes" : {
        "actions" : [ {
          "isPublic" : true,
          "name" : "NewTask"
        }, {
          "isPublic" : true,
          "name" : "NewOpportunity"
        } ],
        "label" : "Nová Aktivita / Příležitost"
      },
      "componentName" : "forceCommunity:createRecordButton",
      "id" : "f1f96391-81ee-4cb8-8fc4-243500ba91c6",
      "renderPriority" : "HIGHEST",
      "renditionMap" : { },
      "type" : "component"
    }, {
      "componentAttributes" : {
        "enableInlineEdit" : true,
        "filterName" : "00B1x000005KlYUEA0",
        "layout" : "COMPACT",
        "pageSize" : 4,
        "scope" : "Asset",
        "showActionBar" : true,
        "showChartsPanel" : true,
        "showDisplay" : "showall",
        "showFilterPanel" : true,
        "showImageIcon" : true,
        "showManualRefreshButton" : true,
        "showObjectName" : true,
        "showPinnedList" : true,
        "showSearchBar" : true
      },
      "componentName" : "forceCommunity:objectHome",
      "id" : "61b8c37e-21bc-416a-ab02-464a2ee1b07c",
      "renderPriority" : "HIGHEST",
      "renditionMap" : { },
      "type" : "component"
    }, {
      "componentAttributes" : {
        "enableInlineEdit" : true,
        "filterName" : "00B1x000005KlXxEAK",
        "layout" : "COMPACT",
        "pageSize" : 4,
        "scope" : "Account",
        "showActionBar" : true,
        "showChartsPanel" : true,
        "showDisplay" : "showall",
        "showFilterPanel" : true,
        "showImageIcon" : true,
        "showManualRefreshButton" : true,
        "showObjectName" : true,
        "showPinnedList" : true,
        "showSearchBar" : true
      },
      "componentName" : "forceCommunity:objectHome",
      "id" : "5a954d72-d747-483d-937e-0309545ee2e0",
      "renderPriority" : "HIGHEST",
      "renditionMap" : { },
      "type" : "component"
    } ],
    "id" : "11f9982a-a798-4885-942e-705ad3a81e43",
    "regionName" : "sidebar",
    "type" : "region"
  } ],
  "themeLayoutType" : "Home",
  "type" : "view",
  "viewType" : "home"
}