{
  "appPageId" : "337013c6-d938-416e-8e47-602f422bd3a0",
  "componentName" : "siteforce:sldsOneColLayout",
  "id" : "bac029ff-0f11-4c0a-96d1-57633bca55f7",
  "label" : "myfeed",
  "regions" : [ {
    "id" : "6e746c8c-8ff6-4a79-869d-b9f781442e51",
    "regionName" : "header",
    "type" : "region"
  }, {
    "components" : [ {
      "componentAttributes" : {
        "context" : "GLOBAL",
        "recordId" : "",
        "width" : "MEDIUM"
      },
      "componentName" : "forceCommunity:feedPublisher",
      "id" : "1b85c5aa-62d6-46a0-a4fb-c56a605766e2",
      "renderPriority" : "NEUTRAL",
      "renditionMap" : { },
      "type" : "component"
    }, {
      "componentAttributes" : {
        "canChangeSorting" : true,
        "defaultFilter" : "",
        "defaultSortOrderHomeFeed" : "Relevance",
        "defaultSortOrderTopicsFeed" : "Relevance",
        "feedDesign" : "DEFAULT",
        "hasFeedSearch" : true,
        "subjectId" : "",
        "type" : "News"
      },
      "componentName" : "forceCommunity:forceCommunityFeed",
      "id" : "4694a736-af81-48b0-9945-a920d91e1476",
      "renderPriority" : "NEUTRAL",
      "renditionMap" : { },
      "type" : "component"
    }, {
      "componentAttributes" : {
        "richTextValue" : "<p><b>Pravidla používání chatu</b>:</p><p>1. Příjemce zadávejte pomocí znaku&nbsp;@příjmení_příjemce nebo skupiny - začněte psát a systém Vám napoví</p><p>2. Chat v SalesForce používejte primárně pro zprávy a dotazy týkající se obchodu a činnosti Vašeho týmu</p><p>3. Při komunikaci se prosím vyhýbejte neslušným výrazům a komentářům týkajícím se rasy, náboženství nebo zdravotního stavu osob</p>"
      },
      "componentName" : "forceCommunity:richTextInline",
      "id" : "4ea35751-cc24-4952-a3ce-3dd02e48ca00",
      "renderPriority" : "NEUTRAL",
      "renditionMap" : { },
      "type" : "component"
    } ],
    "id" : "1b761710-d101-40bb-a0a8-9e811ddb2057",
    "regionName" : "content",
    "type" : "region"
  }, {
    "id" : "ef300a88-5bee-478f-a8e1-1a3ecedc6e39",
    "regionName" : "footer",
    "type" : "region"
  }, {
    "components" : [ {
      "componentAttributes" : {
        "customHeadTags" : "",
        "description" : "",
        "title" : "myfeed"
      },
      "componentName" : "forceCommunity:seoAssistant",
      "id" : "ded1ceba-779d-44c8-b0d4-5023adff62e4",
      "renditionMap" : { },
      "type" : "component"
    } ],
    "id" : "c316e7b5-0643-40d5-9a28-723440f6d204",
    "regionName" : "sfdcHiddenRegion",
    "type" : "region"
  } ],
  "themeLayoutType" : "Inner",
  "type" : "view",
  "viewType" : "custom-myfeed"
}