{
  "appPageId" : "337013c6-d938-416e-8e47-602f422bd3a0",
  "componentName" : "siteforce:sldsOneColLayout",
  "id" : "0f109262-b548-4e76-81db-76e5fcce6b77",
  "label" : "Record Detail",
  "regions" : [ {
    "id" : "12ee2c5e-beee-4469-be24-bf77769acd89",
    "regionName" : "header",
    "type" : "region"
  }, {
    "components" : [ {
      "componentAttributes" : {
        "recordId" : "{!recordId}"
      },
      "componentName" : "forceCommunity:recordDetail",
      "id" : "593f06a4-c927-4fb7-8f35-5e7d46d38399",
      "renderPriority" : "NEUTRAL",
      "renditionMap" : { },
      "type" : "component"
    } ],
    "id" : "0475d3ec-40ac-45c2-b961-facdc410b7be",
    "regionName" : "content",
    "type" : "region"
  }, {
    "id" : "db0eb437-991a-41af-aa6f-e688e07e1397",
    "regionName" : "footer",
    "type" : "region"
  }, {
    "components" : [ {
      "componentAttributes" : {
        "customHeadTags" : "",
        "description" : "",
        "title" : "{!Record._Object}: {!Record._Title}"
      },
      "componentName" : "forceCommunity:seoAssistant",
      "id" : "8d30f518-7aa8-49d0-800e-1654dbd75480",
      "renditionMap" : { },
      "type" : "component"
    } ],
    "id" : "694ceb38-f346-4d1d-b249-6319f0d16543",
    "regionName" : "sfdcHiddenRegion",
    "type" : "region"
  } ],
  "themeLayoutType" : "Inner",
  "type" : "view",
  "viewType" : "detail"
}