{
  "appPageId" : "337013c6-d938-416e-8e47-602f422bd3a0",
  "componentName" : "siteforce:sldsOneColLayout",
  "id" : "21e4ca27-a1dd-47cb-9304-ce21c58f4351",
  "label" : "User Detail",
  "regions" : [ {
    "id" : "96f3bd8f-7e68-4e37-b047-2afb700e5f2b",
    "regionName" : "header",
    "type" : "region"
  }, {
    "components" : [ {
      "componentAttributes" : {
        "caseCreateLabel" : "Create Case",
        "caseFilterName" : "AllOpenCases",
        "caseHeaderLabel" : "My Cases",
        "casesTabLabel" : "Cases",
        "detailsTabLabel" : "Details",
        "feedTabLabel" : "Feed",
        "knowledgeableAboutTitle" : "Knows About",
        "maxTopics" : 5,
        "recognitionbuttonLabel" : "Give",
        "relatedTabLabel" : "Related",
        "showAllUpdates" : false,
        "showBadges" : true,
        "showFullPhotoAsCircle" : true,
        "showKnowledgeableAbout" : true,
        "showRelatedList" : true,
        "showReputationInInfluenceCard" : false,
        "showStats" : true,
        "userBadgesTitle" : "Recognition Badges",
        "userId" : "{!recordId}",
        "userStatsTitle" : "Influence"
      },
      "componentName" : "forceCommunity:userRecordHome",
      "id" : "4eced807-db11-477e-ada7-ffa44273189b",
      "renderPriority" : "NEUTRAL",
      "renditionMap" : { },
      "type" : "component"
    } ],
    "id" : "3336363f-9aec-4851-b8e7-1057f8696a92",
    "regionName" : "content",
    "type" : "region"
  }, {
    "id" : "fa025395-1386-4b0a-a5ce-4c17e65c9401",
    "regionName" : "footer",
    "type" : "region"
  } ],
  "themeLayoutType" : "Inner",
  "type" : "view",
  "viewType" : "detail-005"
}