{
  "definitionName" : "starter:branding-starter",
  "id" : "ed6b99f3-6d34-4c00-bbe0-47ae174a1ad3",
  "label" : "Build Your Own",
  "type" : "brandingSet",
  "values" : {
    "ActionColor" : "#2574A9",
    "BorderColor" : "#D4D4D4",
    "CardBackgroundColor" : "rgba(255, 255, 255, 0)",
    "CompanyLogo" : "",
    "DetailTextColor" : "#696969",
    "ErrorFontColor" : "#ff9e9e",
    "HeaderFonts" : "Montserrat",
    "LinkColor" : "#2574A9",
    "LoginBackgroundColor" : "#F4F4F4",
    "LoginBackgroundImage" : "../../../../sfsites/picasso/core/external/salesforceIdentity/images/background.jpg?v=1",
    "OverlayTextColor" : "#FFFFFF",
    "PrimaryFont" : "Lato",
    "TextColor" : "#333",
    "TextTransformStyle" : "uppercase",
    "_ActionColorDarker" : "#135F90",
    "_ActionColorTrans" : "rgba(25, 124, 190, 0.9)",
    "_HoverColor" : "rgba(25, 124, 190, 0.05)",
    "_LinkColorDarker" : "#135F90",
    "_OverlayTextColorShadow" : "#000000",
    "_brandNavigationBarBackgroundColor" : "rgba(128,128,128,.75)",
    "_brandNavigationItemBackgroundColorHover" : "rgba(0,0,0,.2)",
    "_brandNavigationItemDividerColor" : "rgba(255, 255, 255, 0.2)",
    "brandNavigationBackgroundColor" : "rgb(128,128,128)",
    "brandNavigationBarBackgroundColor" : "rgba(128,128,128,.75)",
    "brandNavigationColorText" : "#FFFFFF"
  }
}