{
  "definitionName" : "ember:branding-ember",
  "id" : "4d75d82b-07d0-44cb-9c6e-0b3d35c7bf56",
  "label" : "Ember",
  "type" : "brandingSet",
  "values" : {
    "ActionColor" : "rgb(0, 153, 205)",
    "BorderColor" : "rgb(212, 212, 212)",
    "CardBackgroundColor" : "rgba(255, 255, 255, 0)",
    "CompanyLogo" : "/file-asset/CSOBStavebni_sporitelnazakladnivpra?v=1&amp;height=300&amp;width=300",
    "DetailTextColor" : "rgba(0, 0, 0, 0.6)",
    "ErrorFontColor" : "#ff9e9e",
    "HeaderFonts" : "Playfair Display",
    "LinkColor" : "rgb(4, 60, 100)",
    "LoginBackgroundColor" : "#F4F4F4",
    "LoginBackgroundImage" : "",
    "OverlayTextColor" : "rgb(255, 255, 255)",
    "PageBackgroundColor" : "rgb(255, 255, 255)",
    "PrimaryFont" : "sans-serif",
    "TextColor" : "rgba(0, 0, 0, 0.8)",
    "TextTransformStyle" : "none",
    "_ActionColorDarker" : "#00739a",
    "_ActionColorTrans" : "rgba(0, 153, 205, 0.9)",
    "_HoverColor" : "rgba(0, 153, 205, 0.05)",
    "_LinkColorDarker" : "#02243d",
    "_OverlayTextColorShadow" : "#000000"
  }
}