{
  "definitionName" : "jepson:branding-jepson",
  "id" : "683c2e76-3617-49a0-88d0-2eb174266833",
  "label" : "Jepson",
  "type" : "brandingSet",
  "values" : {
    "ActionColor" : "rgb(0, 153, 205)",
    "BorderColor" : "rgb(212, 212, 212)",
    "CardBackgroundColor" : "rgba(255, 255, 255, 0)",
    "CompanyLogo" : "/file-asset/CSOBStavebni_sporitelnazakladnivpra?v=1&amp;height=300&amp;width=300",
    "DetailTextColor" : "rgb(0, 51, 102)",
    "ErrorFontColor" : "#ff9e9e",
    "HeaderFonts" : "Salesforce Sans",
    "LinkColor" : "rgb(0, 153, 205)",
    "LoginBackgroundColor" : "rgb(244, 244, 244)",
    "LoginBackgroundImage" : "../../../../sfsites/picasso/core/external/salesforceIdentity/images/background.jpg?v=1",
    "OverlayTextColor" : "#FFFFFF",
    "PageBackgroundColor" : "rgb(242, 242, 242)",
    "PrimaryFont" : "Salesforce Sans",
    "TextColor" : "rgb(0, 51, 102)",
    "TextTransformStyle" : "none",
    "_ActionColorDarker" : "#00739a",
    "_ActionColorTrans" : "rgba(0, 153, 205, 0.9)",
    "_BackgroundColor1" : "rgb(222, 222, 222)",
    "_BackgroundColor2" : "rgb(181, 181, 181)",
    "_BackgroundColor3" : "rgb(120, 120, 120)",
    "_DxpPageBackgroundColor" : "rgb(242, 242, 242)",
    "_HoverColor" : "rgba(0, 153, 205, 0.05)",
    "_LinkColorDarker" : "#007ba4",
    "_NeutralColor" : "#ecebea",
    "_NeutralColor1" : "rgb(217, 215, 213)",
    "_NeutralColor2" : "rgb(178, 174, 170)",
    "_NeutralColor3" : "rgb(118, 113, 107)",
    "_NeutralForegroundColor" : "#000",
    "_NeutralForegroundColor1" : "#000",
    "_NeutralForegroundColor2" : "#000",
    "_NeutralForegroundColor3" : "#fff",
    "_OverlayTextColorShadow" : "#000",
    "_PrimaryAccentColor1" : "rgb(0, 123, 164)",
    "_PrimaryAccentColor2" : "rgb(0, 62, 83)",
    "_PrimaryAccentColor3" : "rgb(0, 0, 0)",
    "_PrimaryAccentForegroundColor1" : "rgb(255, 255, 255)",
    "_PrimaryAccentForegroundColor2" : "rgb(255, 255, 255)",
    "_PrimaryAccentForegroundColor3" : "rgb(255, 255, 255)",
    "_TextColor1" : "rgb(0, 31, 61)",
    "_TextColor2" : "rgb(0, 0, 0)",
    "_TextColor3" : "rgb(0, 0, 0)"
  }
}